City_ID,City,Country,Lat,Lng,Max Temp,Humidity,Cloudiness,Wind Speed,Current Description
0,Lima,PE,-12.0432,-77.0282,58.89,86,75,8.05,broken clouds
1,Victoria,HK,22.2855,114.1577,94.96,64,5,5.99,clear sky
2,Hithadhoo,MV,-0.6,73.0833,81.68,72,68,4.9,broken clouds
3,Albany,US,42.6001,-73.9662,55.4,83,79,3.67,broken clouds
4,Yellowknife,CA,62.456,-114.3525,48.72,93,40,8.05,scattered clouds
5,Bluff,NZ,-46.6,168.3333,46.8,62,52,4.72,broken clouds
6,Saldanha,ZA,-33.0117,17.9442,48.25,88,92,9.19,overcast clouds
7,Locri,IT,38.2414,16.2623,82.31,76,68,10.36,broken clouds
8,Rikitea,PF,-23.1203,-134.9692,72.55,73,0,17.34,clear sky
9,La Primavera,CO,5.4906,-70.4092,71.42,96,100,4.23,overcast clouds
10,Hays,US,30.0502,-98.0336,80.74,79,45,5.01,scattered clouds
11,Jiayuguan,CN,39.8167,98.3,72.54,25,0,9.93,clear sky
12,Dzaoudzi,YT,-12.7887,45.2699,78.69,73,20,4.61,few clouds
13,Matay,EG,28.419,30.7792,73.45,77,0,7.92,clear sky
14,Porto Novo,BJ,6.4965,2.6036,76.82,92,91,4.79,overcast clouds
15,Uyovu,TZ,-3.2833,31.5258,72.07,45,82,5.93,broken clouds
16,Barrow,US,71.2906,-156.7887,33.82,86,100,27.63,mist
17,Buchanan,LR,5.8808,-10.0467,75.63,89,100,8.37,moderate rain
18,Qaqortoq,GL,60.7167,-46.0333,49.57,78,100,9.22,moderate rain
19,Punta Arenas,CL,-53.15,-70.9167,39.31,81,75,18.41,light rain
20,Souillac,MU,-20.5167,57.5167,71.98,78,75,12.66,light rain
21,Orgita,EE,58.9218,24.45,48.58,96,59,4.99,broken clouds
22,Hermanus,ZA,-34.4187,19.2345,51.8,80,89,3.31,overcast clouds
23,Jamestown,US,42.097,-79.2353,62.24,77,0,3.44,mist
24,San Quintin,MX,30.4833,-115.95,67.6,82,2,10.02,clear sky
25,Srednekolymsk,RU,67.45,153.6833,38.7,63,98,8.59,overcast clouds
26,Nikolskoye,RU,59.7035,30.7861,48.09,87,91,6.78,overcast clouds
27,Castro,BR,-24.7911,-50.0119,48.83,89,87,8.57,overcast clouds
28,Hobart,AU,-42.8794,147.3294,60.26,68,75,17.27,broken clouds
29,Cape Town,ZA,-33.9258,18.4232,57.11,83,75,3.44,broken clouds
30,Port Alfred,ZA,-33.5906,26.891,59.18,88,99,1.01,overcast clouds
31,Longyearbyen,SJ,78.2186,15.6401,26.04,91,71,4.72,broken clouds
32,Butaritari,KI,3.0707,172.7902,82.31,69,20,13.42,few clouds
33,East London,ZA,-33.0153,27.9116,63.07,74,100,11.52,overcast clouds
34,Busselton,AU,-33.65,115.3333,61.0,71,100,13.09,overcast clouds
35,Carnarvon,AU,-24.8667,113.6333,73.78,45,1,12.86,clear sky
36,Ust-Tsilma,RU,65.441,52.1498,51.12,76,97,7.07,overcast clouds
37,Ust-Omchug,RU,61.15,149.6333,42.04,54,78,8.75,broken clouds
38,Vaini,TO,-21.2,-175.2,78.96,83,75,3.44,broken clouds
39,Yeppoon,AU,-23.1333,150.7333,73.18,55,64,5.79,light rain
40,Cap-Chat,CA,49.1001,-66.6821,50.0,76,65,16.11,broken clouds
41,Kungurtug,RU,50.5994,97.5228,45.75,72,100,0.76,overcast clouds
42,Lorengau,PG,-2.0226,147.2712,85.41,63,63,10.07,broken clouds
43,Akdepe,TM,42.0551,59.3788,66.29,38,4,8.63,clear sky
44,Andros,GR,37.8333,24.9333,73.96,88,18,12.15,few clouds
45,Port Elizabeth,ZA,-33.918,25.5701,60.31,84,0,11.01,clear sky
46,Khuzhir,RU,53.1939,107.3397,53.24,45,13,7.9,few clouds
47,Airai,TL,-8.9266,125.4092,82.27,23,50,4.09,scattered clouds
48,Alta Gracia,AR,-31.6529,-64.4283,61.56,32,100,7.18,overcast clouds
49,Georgetown,MY,5.4112,100.3354,87.75,67,20,7.0,few clouds
50,Cam Ranh,VN,11.9214,109.1591,89.56,62,40,8.05,scattered clouds
51,Sfantu Gheorghe,RO,45.8667,25.7833,64.27,88,57,1.25,broken clouds
52,Atuona,PF,-9.8,-139.0333,76.78,73,7,19.33,clear sky
53,Chokurdakh,RU,70.6333,147.9167,38.7,62,94,2.71,overcast clouds
54,Kapaa,US,22.0752,-159.319,82.38,79,100,10.36,overcast clouds
55,Vihari,PK,30.0333,72.35,93.49,41,0,13.0,clear sky
56,Kupang,ID,-10.1667,123.5833,88.02,51,39,3.96,scattered clouds
57,Puerto Ayora,EC,-0.7393,-90.3518,65.55,94,9,1.01,clear sky
58,Kavieng,PG,-2.5744,150.7967,85.23,62,28,11.52,scattered clouds
59,Sorland,NO,67.667,12.6934,53.46,78,100,7.99,overcast clouds
60,Le Pradet,FR,43.1066,6.0172,65.89,51,0,16.11,clear sky
61,New Norfolk,AU,-42.7826,147.0587,59.92,78,100,3.0,light rain
62,Ushuaia,AR,-54.8,-68.3,40.66,75,75,14.97,broken clouds
63,Manzhouli,CN,49.6,117.4333,47.39,73,56,23.71,broken clouds
64,Egvekinot,RU,66.3167,-179.1667,38.91,87,100,21.03,light rain
65,Chapais,CA,49.7834,-74.8492,37.18,80,4,2.53,clear sky
66,Bilma,NE,18.6853,12.9164,87.49,38,86,8.08,overcast clouds
67,Margate,GB,51.3813,1.3862,51.69,76,65,8.99,broken clouds
68,Mataura,NZ,-46.1927,168.8643,46.47,59,59,1.99,broken clouds
69,Bam,IR,29.106,58.357,92.26,8,19,7.11,few clouds
70,Mogadouro,PT,41.3403,-6.7119,59.25,68,57,7.38,broken clouds
71,Tuktoyaktuk,CA,69.4541,-133.0374,39.2,87,75,3.44,broken clouds
72,Sisimiut,GL,66.9395,-53.6735,44.6,78,98,8.41,overcast clouds
73,Sur,OM,22.5667,59.5289,91.22,50,54,4.25,broken clouds
74,Kitob,UZ,39.0843,66.8332,81.63,12,35,4.14,scattered clouds
75,Gwadar,PK,25.1216,62.3254,82.11,75,62,5.12,broken clouds
76,Komsomolskiy,UZ,40.4272,71.7189,75.92,25,37,2.3,scattered clouds
77,Athabasca,CA,54.7169,-113.2854,50.41,75,80,5.14,broken clouds
78,Cockburn Town,TC,21.4612,-71.1419,83.68,78,97,20.13,overcast clouds
79,Chicama,PE,-7.8447,-79.1469,57.74,83,43,5.57,scattered clouds
80,Nacala,MZ,-14.5428,40.6728,76.86,57,8,7.38,clear sky
81,Amapa,BR,1.0,-52.0,69.64,100,30,1.03,scattered clouds
82,Arraial Do Cabo,BR,-22.9661,-42.0278,60.66,94,75,2.3,mist
83,Kaitangata,NZ,-46.2817,169.8464,50.7,65,23,4.9,few clouds
84,Khatanga,RU,71.9667,102.5,29.79,91,76,14.81,broken clouds
85,Gimli,CA,50.6336,-96.9907,57.22,88,100,16.11,moderate rain
86,Hilo,US,19.7297,-155.09,80.28,83,100,6.91,overcast clouds
87,Susanville,US,40.4163,-120.653,62.91,39,0,9.22,clear sky
88,Tiksi,RU,71.6872,128.8694,36.55,98,100,8.01,light rain
89,Sao Filipe,CV,14.8961,-24.4956,77.83,82,16,8.61,few clouds
90,Zarubino,RU,42.63,131.0922,68.5,91,100,1.9,overcast clouds
91,Bengkulu,ID,-3.8004,102.2655,83.05,71,77,7.74,broken clouds
92,Agua Dulce,MX,18.1333,-94.1333,77.41,89,100,5.46,overcast clouds
93,Esperance,AU,-33.8667,121.9,63.3,60,22,15.03,few clouds
94,Pimentel,PE,-6.8367,-79.9342,63.34,88,100,13.71,overcast clouds
95,Mogadishu,SO,2.0371,45.3438,76.87,73,75,9.22,broken clouds
96,Saint-Philippe,RE,-21.3585,55.7679,74.79,80,42,15.84,light rain
97,Saskylakh,RU,71.9167,114.0833,34.07,98,100,21.92,snow
98,Beaverlodge,CA,55.2166,-119.4361,47.55,93,100,10.0,overcast clouds
99,Hasaki,JP,35.7333,140.8333,84.6,68,100,7.45,overcast clouds
100,Bathsheba,BB,13.2167,-59.5167,84.81,79,40,19.57,scattered clouds
101,Cherskiy,RU,68.75,161.3,37.87,68,94,18.41,overcast clouds
102,San Patricio,US,28.017,-97.5169,86.85,73,21,8.41,few clouds
103,Tottori,JP,35.5,134.2333,82.47,69,75,8.05,broken clouds
104,Wanaka,NZ,-44.7,169.15,50.07,69,100,4.32,overcast clouds
105,Chuy,UY,-33.6971,-53.4616,54.55,84,4,7.85,clear sky
106,Brownsville,US,25.9018,-97.4975,82.35,85,0,4.61,clear sky
107,Qaanaaq,GL,77.484,-69.3632,25.54,80,35,8.19,scattered clouds
108,Shache,CN,38.4167,77.2406,81.12,17,100,10.07,overcast clouds
109,Coquimbo,CL,-29.9533,-71.3436,55.13,76,100,4.61,overcast clouds
110,Faanui,PF,-16.4833,-151.75,77.77,74,60,22.24,broken clouds
111,Vao,NC,-22.6667,167.4833,71.17,72,65,17.52,broken clouds
112,Bereznik,RU,62.8551,42.7072,49.91,88,100,9.4,overcast clouds
113,Koundara,GN,12.4833,-13.3,74.39,98,100,2.75,moderate rain
114,Saint-Joseph,RE,-21.3667,55.6167,73.78,73,22,14.63,light rain
115,Novichikha,RU,52.204,81.3877,57.88,35,0,15.39,clear sky
116,Provideniya,RU,64.3833,-173.3,44.2,95,100,34.72,light rain
117,Tomatlan,MX,19.9333,-105.25,76.86,95,100,2.48,overcast clouds
118,Svetlyy,RU,54.675,20.1347,53.65,84,100,19.19,overcast clouds
119,Fort-Shevchenko,KZ,44.5086,50.263,72.64,57,51,19.39,broken clouds
120,Bredasdorp,ZA,-34.5322,20.0403,54.25,88,82,2.64,broken clouds
121,Severo-Kurilsk,RU,50.6789,156.125,52.48,73,34,17.0,scattered clouds
122,Logumkloster,DK,55.0594,8.9551,55.33,75,99,19.17,overcast clouds
123,Rocha,UY,-34.4833,-54.3333,52.02,87,47,10.07,scattered clouds
124,Labnig,PH,13.3769,123.6788,86.54,66,99,9.08,overcast clouds
125,Mana,GF,5.6592,-53.7767,77.99,91,69,9.22,broken clouds
126,Port Shepstone,ZA,-30.7414,30.455,68.45,77,80,20.42,broken clouds
127,Mezen,RU,65.8522,44.24,49.69,93,98,8.12,overcast clouds
128,Pevek,RU,69.7008,170.3133,34.95,82,100,18.43,overcast clouds
129,Colombia,CU,20.9881,-77.4297,75.45,96,20,7.16,few clouds
130,Iqaluit,CA,63.7506,-68.5145,38.93,86,100,0.0,overcast clouds
131,Narsaq,GL,60.9167,-46.05,59.22,75,100,12.95,moderate rain
132,Soria,ES,41.6667,-2.6667,49.1,100,2,3.98,clear sky
133,Richards Bay,ZA,-28.783,32.0377,70.0,78,8,10.92,clear sky
134,Bethel,US,41.3712,-73.414,61.86,84,0,0.0,clear sky
135,Lebu,CL,-37.6167,-73.65,44.67,93,100,16.04,overcast clouds
136,Acari,PE,-15.4311,-74.6158,62.49,78,36,2.37,scattered clouds
137,Ixtapa,MX,20.7,-105.2,78.22,91,100,3.0,overcast clouds
138,Sanchor,IN,24.7553,71.7722,82.6,68,100,15.19,overcast clouds
139,Inirida,CO,3.8653,-67.9239,72.9,99,100,0.45,heavy intensity rain
140,Tasiilaq,GL,65.6145,-37.6368,39.36,97,100,11.12,light rain
141,Kalmunai,LK,7.4167,81.8167,86.18,61,19,5.53,few clouds
142,Mount Gambier,AU,-37.8333,140.7667,55.31,76,75,28.77,light intensity shower rain
143,Santa Ana,US,33.7456,-117.8678,73.63,81,0,3.44,clear sky
144,Mahebourg,MU,-20.4081,57.7,74.25,78,75,12.66,broken clouds
145,Pavullo Nel Frignano,IT,44.3315,10.835,61.02,84,66,17.27,broken clouds
146,Rauma,FI,61.1272,21.5113,48.24,93,53,7.47,broken clouds
147,Atambua,ID,-9.1061,124.8925,87.62,42,71,3.22,broken clouds
148,Pacific Grove,US,36.6177,-121.9166,60.69,84,75,11.5,broken clouds
149,Maceio,BR,-9.6658,-35.7353,67.44,100,20,4.61,few clouds
150,Clyde River,CA,70.4692,-68.5914,35.83,100,100,12.66,overcast clouds
151,Buala,SB,-8.145,159.5921,84.67,67,45,3.8,light rain
152,Nome,US,64.5011,-165.4064,50.07,82,100,29.93,light rain
153,Severomuysk,RU,56.1481,113.4267,40.87,46,70,7.9,broken clouds
154,Sakakah,SA,29.9697,40.2064,81.97,21,0,10.65,clear sky
155,Bakaly,RU,55.1789,53.8028,57.76,82,82,12.95,broken clouds
156,Brae,GB,60.3964,-1.353,49.17,71,100,19.13,overcast clouds
157,Omsukchan,RU,62.5333,155.8,33.76,83,100,8.48,light snow
158,Sumbe,AO,-11.2061,13.8437,69.4,91,59,5.06,broken clouds
159,Japura,ID,-0.3167,102.35,89.8,58,95,2.04,overcast clouds
160,Saint-Francois,FR,46.4154,3.9054,44.04,93,0,2.3,clear sky
161,Alappuzha,IN,9.49,76.3264,84.99,75,84,5.95,broken clouds
162,Shingu,JP,33.7333,135.9833,78.91,93,100,16.73,overcast clouds
163,Flin Flon,CA,54.7682,-101.865,49.57,67,56,4.43,broken clouds
164,Manta,EC,-0.95,-80.7333,69.58,88,20,8.05,few clouds
165,Tommot,RU,58.9564,126.2925,54.7,46,45,3.36,scattered clouds
166,Bonavista,CA,48.6499,-53.1147,53.92,88,53,14.85,broken clouds
167,Cayenne,GF,4.9333,-52.3333,75.24,94,75,2.3,broken clouds
168,Cabo San Lucas,MX,22.8909,-109.9124,86.05,75,2,1.99,clear sky
169,Constitucion,CL,-35.3333,-72.4167,53.31,94,100,7.94,overcast clouds
170,Litherland,GB,53.4699,-2.9981,48.76,76,47,0.0,scattered clouds
171,Dukat,RU,62.55,155.55,32.13,78,100,14.18,light snow
172,Nola,IT,40.922,14.5329,73.17,90,36,4.12,scattered clouds
173,Roma,US,43.2128,-75.4557,57.09,93,20,1.01,few clouds
174,San Cristobal,VE,7.7669,-72.225,73.58,93,96,2.3,overcast clouds
175,Merta,IN,26.65,74.0333,84.88,57,41,14.9,scattered clouds
176,Nayudupeta,IN,13.9,79.9,88.68,44,96,9.33,overcast clouds
177,Acurenam,GQ,1.0322,10.6488,66.31,99,100,2.73,overcast clouds
178,Kodiak,US,57.79,-152.4072,51.31,93,100,9.22,overcast clouds
179,Puerto Escondido,MX,15.85,-97.0667,78.66,87,99,13.87,overcast clouds
180,Mawlaik,MM,23.6333,94.4167,86.0,80,68,1.45,broken clouds
181,Sabha,LY,27.0377,14.4283,78.44,21,0,5.86,clear sky
182,Coihaique,CL,-45.5752,-72.0662,34.41,86,0,3.44,clear sky
183,Lata,PT,40.1629,-8.3327,65.07,93,98,1.97,overcast clouds
184,Port Lincoln,AU,-34.7333,135.8667,57.72,67,30,25.68,scattered clouds
185,Oranjestad,AW,12.524,-70.027,84.15,74,20,11.5,few clouds
186,Santa Isabel Do Rio Negro,BR,-0.4139,-65.0192,72.77,98,93,2.75,overcast clouds
187,Mar Del Plata,AR,-38.0023,-57.5575,57.22,92,0,21.0,clear sky
188,Ribeira Grande,PT,38.5167,-28.7,73.26,85,36,8.88,scattered clouds
189,San Ramon,US,37.7799,-121.978,61.56,81,0,10.36,clear sky
190,Cuamba,MZ,-14.8031,36.5372,71.67,53,2,5.28,clear sky
191,Berlevag,NO,70.8578,29.0864,46.4,93,100,27.63,light rain
192,Adeje,ES,28.1227,-16.726,74.28,76,20,5.75,few clouds
193,Cascais,PT,38.6979,-9.4215,67.15,92,30,8.01,scattered clouds
194,Caravelas,BR,-17.7125,-39.2481,69.55,92,3,3.4,clear sky
195,Port Hardy,CA,50.6996,-127.4199,51.8,100,40,4.61,scattered clouds
196,Asau,RO,46.4333,26.4,58.28,90,59,2.13,broken clouds
197,Nioki,CD,-2.7167,17.6833,70.63,93,99,2.35,light rain
198,Inhambane,MZ,-23.865,35.3833,70.5,76,0,6.4,clear sky
199,Upernavik,GL,72.7868,-56.1549,33.3,81,9,16.15,clear sky
200,Edgewater,US,28.9889,-80.9023,76.08,84,100,4.36,overcast clouds
201,Kruisfontein,ZA,-34.0033,24.7314,55.89,85,100,8.19,overcast clouds
202,Shelburne,CA,44.0787,-80.2041,57.99,98,99,7.31,overcast clouds
203,Jumla,NP,29.2747,82.1838,67.75,77,96,3.53,overcast clouds
204,Florida,US,28.7505,-82.5001,74.07,87,0,0.0,clear sky
205,Nachalovo,RU,46.338,48.2013,67.96,100,100,11.18,overcast clouds
206,Hofn,IS,64.2539,-15.2082,47.62,67,99,5.66,overcast clouds
207,Denison,US,33.7557,-96.5367,79.07,68,0,12.66,clear sky
208,Vardo,NO,70.3705,31.1107,48.18,93,100,26.46,moderate rain
209,Udachnyy,RU,66.4167,112.4,34.45,69,100,22.68,overcast clouds
210,Buraydah,SA,26.326,43.975,77.45,18,0,9.13,clear sky
211,Cidreira,BR,-30.1811,-50.2056,59.88,82,0,13.47,clear sky
212,Aripuana,BR,-9.1667,-60.6333,78.13,55,14,1.34,few clouds
213,Port Hedland,AU,-20.3167,118.5667,93.25,10,32,9.22,scattered clouds
214,Morgan City,US,29.6994,-91.2068,75.0,92,30,5.01,scattered clouds
215,Sechura,PE,-5.5569,-80.8222,64.18,84,22,10.31,few clouds
216,Sao Sebastiao,BR,-23.76,-45.4097,62.89,85,87,3.89,overcast clouds
217,Catamarca,AR,-28.4696,-65.7852,65.59,30,77,15.19,broken clouds
218,Mocuba,MZ,-16.8392,36.9856,72.05,69,0,4.23,clear sky
219,Tilichiki,RU,60.4667,166.1,45.7,59,79,16.64,broken clouds
220,Avarua,CK,-21.2078,-159.775,75.25,73,20,14.97,few clouds
221,Talnakh,RU,69.4865,88.3972,34.21,75,90,5.35,overcast clouds
222,La Ronge,CA,55.1001,-105.2842,57.45,67,75,8.05,broken clouds
223,Vostok,RU,46.4856,135.8833,53.04,99,100,3.44,overcast clouds
224,Iringa,TZ,-7.7667,35.7,59.9,68,15,3.38,few clouds
225,Gravdal,NO,68.1214,13.5031,51.12,78,99,8.01,overcast clouds
226,Gobabis,NA,-22.45,18.9667,59.77,20,4,5.06,clear sky
227,La Rioja,ES,42.25,-2.5,53.38,89,52,3.69,broken clouds
228,Riacho De Santana,BR,-13.6092,-42.9389,71.71,46,3,5.75,clear sky
229,Dillon,US,34.4166,-79.3712,67.1,71,0,3.47,clear sky
230,Avera,US,33.194,-82.5271,67.51,70,0,6.13,clear sky
231,Rudnichnyy,RU,59.617,52.4703,51.58,76,67,8.28,broken clouds
232,Salalah,OM,17.0151,54.0924,82.08,78,94,6.62,overcast clouds
233,Sitio Novo Do Tocantins,BR,-5.5183,-47.4611,78.73,78,0,0.0,clear sky
234,Marquelia,MX,16.5833,-98.8167,77.54,88,100,0.74,overcast clouds
235,Bambous Virieux,MU,-20.3428,57.7575,74.21,78,75,12.66,light rain
236,Grindavik,IS,63.8424,-22.4338,46.35,100,75,1.14,broken clouds
237,Luderitz,NA,-26.6481,15.1594,59.07,75,54,14.14,broken clouds
238,Virginia Beach,US,36.8529,-75.978,66.02,72,0,0.0,clear sky
239,Patan,NP,27.6667,85.3333,75.58,78,75,8.05,broken clouds
240,Dikson,RU,73.5069,80.5464,34.95,76,22,6.62,few clouds
241,Labrea,BR,-7.2586,-64.7981,74.73,68,36,0.51,scattered clouds
242,Ponta Do Sol,PT,32.6667,-17.1,74.71,73,21,9.42,few clouds
243,Kedrovyy,RU,56.1667,91.8167,48.87,52,98,2.95,overcast clouds
244,Nara,JP,34.6851,135.8049,83.57,61,100,13.18,heavy intensity rain
245,Baykit,RU,61.67,96.37,49.23,55,82,7.81,broken clouds
246,Praia Da Vitoria,PT,38.7333,-27.0667,71.85,83,20,9.26,few clouds
247,Hami,CN,42.8,93.45,77.47,11,0,2.13,clear sky
248,Santa Marta,CO,11.2408,-74.199,83.89,80,75,4.61,broken clouds
249,Nador,MA,35.174,-2.9287,66.45,72,0,1.14,clear sky
250,Fairbanks,US,64.8378,-147.7164,55.4,66,20,0.0,few clouds
251,Namibe,AO,-15.1961,12.1522,64.98,90,64,3.29,broken clouds
252,Bairiki,KI,1.3292,172.9752,86.0,66,20,10.36,few clouds
253,La Asuncion,VE,11.0333,-63.8628,80.28,84,94,5.73,overcast clouds
254,Comodoro Rivadavia,AR,-45.8667,-67.5,42.66,65,0,3.44,clear sky
255,Marstal,DK,54.8562,10.5173,55.31,72,87,21.85,overcast clouds
256,Aklavik,CA,68.2191,-135.0107,37.13,95,84,7.29,broken clouds
257,Puerto Narino,CO,-3.7703,-70.3831,72.7,85,98,2.13,overcast clouds
258,Klaksvik,FO,62.2266,-6.589,49.12,76,100,9.04,overcast clouds
259,Ryotsu,JP,38.0833,138.4333,81.25,58,100,3.51,overcast clouds
260,Sao Joao Da Barra,BR,-21.6403,-41.0511,63.46,89,100,9.6,overcast clouds
261,San Andres,CO,12.5847,-81.7006,82.98,79,100,13.09,overcast clouds
262,Sibolga,ID,1.7427,98.7792,84.47,67,66,6.2,broken clouds
263,Camana,PE,-16.6228,-72.7111,60.24,84,4,5.88,clear sky
264,Maraa,BR,-1.8333,-65.3667,73.42,94,99,2.13,overcast clouds
265,Harper,LR,4.375,-7.7169,75.99,84,97,9.13,light rain
266,Victor Harbor,AU,-35.5667,138.6167,61.0,65,23,1.01,few clouds
267,Thompson,CA,55.7435,-97.8558,50.16,76,40,2.3,scattered clouds
268,Lexington Park,US,38.2668,-76.4538,65.64,93,0,3.44,clear sky
269,Waitati,NZ,-45.75,170.5667,52.81,66,62,5.61,broken clouds
270,Fortuna,US,40.5982,-124.1573,54.66,86,35,2.68,scattered clouds
271,Puerto Del Rosario,ES,28.5004,-13.8627,73.15,78,40,17.27,scattered clouds
272,Leningradskiy,RU,69.3833,178.4167,35.6,99,100,14.97,light rain
273,Sikasso,ML,10.9167,-7.0,72.81,92,97,2.71,overcast clouds
274,Ancud,CL,-41.8697,-73.8203,37.22,78,47,6.85,scattered clouds
275,Tiarei,PF,-17.5333,-149.3333,78.82,66,11,24.27,few clouds
276,Warrensburg,US,38.7628,-93.7361,71.56,62,0,8.05,clear sky
277,Mao,ES,39.8885,4.2658,72.16,78,40,11.5,scattered clouds
278,Bambanglipuro,ID,-7.95,110.2833,83.91,63,93,14.76,overcast clouds
279,Hoa Binh,VN,20.8133,105.3383,82.9,85,99,3.11,overcast clouds
280,Matamoros,MX,25.5333,-103.25,79.11,52,3,14.47,clear sky
281,Diplo,PK,24.4667,69.584,83.34,69,100,18.01,overcast clouds
282,Kahului,US,20.8947,-156.47,84.22,65,0,10.36,clear sky
283,Orbetello,IT,42.4408,11.2196,64.42,88,4,8.05,clear sky
284,Ileza,RU,61.0533,43.9002,48.45,93,100,12.01,light rain
285,Vangaindrano,MG,-23.35,47.6,69.26,85,93,7.63,light rain
286,Jacmel,HT,18.2342,-72.5347,82.24,77,100,3.91,overcast clouds
287,Kieta,PG,-6.2167,155.6333,84.07,68,98,4.47,overcast clouds
288,Jiazi,CN,22.8779,116.067,87.42,57,4,7.05,clear sky
289,Nueva Loja,EC,0.0847,-76.8828,67.3,99,100,1.16,overcast clouds
290,Hammerfest,NO,70.6634,23.6821,45.05,100,100,16.11,light rain
291,Sola,VU,-13.8833,167.55,81.12,73,20,20.04,few clouds
292,Walvis Bay,NA,-22.9575,14.5053,56.35,94,56,4.61,broken clouds
293,Russell,US,32.3502,-85.1999,70.83,71,0,5.01,clear sky
294,Ishigaki,JP,24.3448,124.1572,84.33,74,75,18.41,broken clouds
295,San Juan,AR,-31.5375,-68.5364,65.5,24,95,3.96,overcast clouds
296,Morehead,US,37.2711,-87.1764,67.78,97,40,0.0,mist
297,Tipperary,IE,52.4733,-8.1558,40.05,93,6,2.35,clear sky
298,Lavrentiya,RU,65.5833,-171.0,43.79,94,100,31.05,moderate rain
299,Yumen,CN,40.2833,97.2,75.2,18,3,13.82,clear sky
300,Elizabeth City,US,36.2946,-76.2511,62.6,86,0,3.44,clear sky
301,Ilulissat,GL,69.2167,-51.1,30.65,91,82,2.26,broken clouds
302,Tonj,SS,7.2737,28.6822,69.78,95,98,1.97,overcast clouds
303,Aksu,CN,41.1231,80.2644,79.93,18,96,5.37,overcast clouds
304,Brownwood,US,31.7093,-98.9912,81.72,65,0,9.17,clear sky
305,Chipurupalle,IN,18.3,83.5667,88.21,60,100,2.77,overcast clouds
306,Tabira,BR,-7.5908,-37.5394,64.76,80,6,5.79,clear sky
307,Peleduy,RU,59.6289,112.7406,43.14,96,99,8.32,light rain
308,Trincomalee,LK,8.5711,81.2335,88.32,57,84,11.92,broken clouds
309,Port Blair,IN,11.6667,92.75,77.04,100,75,5.75,moderate rain
310,Kailua,US,21.4022,-157.7394,80.15,85,100,0.0,overcast clouds
311,Torbay,CA,47.6666,-52.7314,56.57,91,75,12.66,broken clouds
312,Paamiut,GL,61.994,-49.6678,46.78,98,100,4.41,moderate rain
313,Matina,CR,10.0761,-83.2895,76.15,90,96,2.98,overcast clouds
314,Thunder Bay,CA,48.4001,-89.3168,57.11,100,100,11.5,mist
315,Ngaoundere,CM,7.3167,13.5833,63.99,98,100,2.19,light rain
316,Axim,GH,4.8699,-2.2405,73.81,95,100,5.86,overcast clouds
317,Pedernales,DO,18.0384,-71.744,82.72,71,94,3.49,overcast clouds
318,Pochutla,MX,15.7432,-96.4661,73.81,89,63,6.33,broken clouds
319,Banda Aceh,ID,5.5577,95.3222,86.61,63,81,15.84,broken clouds
320,Tezu,IN,27.9167,96.1667,83.07,84,99,1.54,overcast clouds
321,Maningrida,AU,-12.0667,134.2667,88.99,48,36,14.56,scattered clouds
322,Dingle,PH,10.9995,122.6711,86.77,69,92,13.87,overcast clouds
323,Sawtell,AU,-30.3833,153.1,84.18,57,40,14.97,scattered clouds
324,Geraldton,AU,-28.7667,114.6,70.21,56,75,11.5,broken clouds
325,Guilin,CN,25.2819,110.2864,93.31,42,2,6.71,clear sky
326,Nanortalik,GL,60.1432,-45.2371,47.03,90,100,5.99,light rain
327,Deputatskiy,RU,69.3,139.9,34.05,83,75,5.01,light snow
328,Ahipara,NZ,-35.1667,173.1667,56.12,59,84,5.86,broken clouds
329,Hearst,CA,49.6835,-83.6665,48.45,90,100,6.24,overcast clouds
330,Ostrovnoy,RU,68.0531,39.5131,49.86,95,100,9.01,overcast clouds
331,Shar,KZ,49.5886,81.0453,55.22,42,0,3.24,clear sky
332,Rumoi,JP,43.9344,141.6428,70.99,78,100,7.31,overcast clouds
333,Sri Aman,MY,1.2376,111.4621,86.09,70,20,2.3,few clouds
334,Prince Rupert,CA,54.3161,-130.3201,55.09,86,75,5.75,broken clouds
335,Piacabucu,BR,-10.4056,-36.4344,70.84,83,3,5.32,clear sky
336,Nitchidorf,RO,45.5833,21.5333,56.95,92,100,7.49,light rain
337,Muroto,JP,33.2833,134.15,80.91,89,100,26.08,moderate rain
338,Ereymentau,KZ,51.6199,73.1033,54.43,39,72,10.71,broken clouds
339,Eirunepe,BR,-6.6603,-69.8736,71.53,76,79,2.68,broken clouds
340,Namatanai,PG,-3.6667,152.4333,85.28,61,48,10.51,scattered clouds
341,Orsha,BY,54.5153,30.4053,46.36,80,10,12.86,clear sky
342,Rio Gallegos,AR,-51.6226,-69.2181,39.25,56,75,13.8,broken clouds
343,Pangnirtung,CA,66.1451,-65.7125,40.3,73,100,5.3,overcast clouds
344,Isangel,VU,-19.55,169.2667,75.74,71,85,13.96,overcast clouds
345,Vagay,RU,57.9375,69.0217,54.25,51,84,10.04,broken clouds
346,Spanish Fork,US,40.115,-111.6549,64.67,66,0,5.75,clear sky
347,Santa Cruz Del Norte,CU,23.1539,-81.9236,81.66,82,99,12.91,overcast clouds
348,Klyuchi,RU,52.2667,79.1667,59.18,33,2,13.62,clear sky
349,Bourail,NC,-21.5667,165.4833,76.3,56,16,7.2,few clouds
350,Buin,CL,-33.7333,-70.75,54.73,96,100,1.03,overcast clouds
351,Ponta Delgada,PT,37.7333,-25.6667,70.52,88,20,4.61,few clouds
352,Piro,IN,25.3333,84.4167,88.05,66,84,2.3,broken clouds
353,Plettenberg Bay,ZA,-34.0527,23.3716,58.35,86,99,5.46,overcast clouds
354,Magadan,RU,59.5667,150.8,54.54,45,6,10.58,clear sky
355,Broome,US,42.2506,-75.833,59.85,87,100,1.01,overcast clouds
356,Nueve De Julio,AR,-35.4444,-60.8831,59.97,71,100,5.99,overcast clouds
357,Guayaramerin,BO,-10.8368,-65.3614,75.85,49,49,0.87,scattered clouds
358,Maryville,US,35.7565,-83.9705,70.09,87,75,1.01,smoke
359,Havoysund,NO,70.9963,24.6622,46.63,91,100,28.59,light rain
360,Leh,IN,34.1667,77.5833,59.0,41,22,6.6,few clouds
361,Ronne,DK,55.1009,14.7066,57.11,82,75,12.66,broken clouds
362,Lokosovo,RU,61.1333,74.8167,54.55,62,100,7.2,overcast clouds
363,Murrhardt,DE,48.9819,9.5705,49.17,89,52,7.29,broken clouds
364,Vieux-Habitants,GP,16.0589,-61.7659,74.77,83,100,23.35,light rain
365,Yuli,NG,9.6989,10.2744,71.96,96,100,2.95,overcast clouds
366,Banyo,CM,6.75,11.8167,64.0,97,100,3.91,light rain
367,Daru,PG,-9.0763,143.2092,81.39,79,100,7.49,overcast clouds
368,Bourbonnais,US,41.1417,-87.875,69.53,90,0,4.61,clear sky
369,Sattenapalle,IN,16.4,80.1833,87.93,59,96,12.44,overcast clouds
370,Macheng,CN,31.1783,115.0319,90.99,34,0,4.59,clear sky
371,El Coyote,MX,25.7,-103.2667,79.02,52,19,16.08,few clouds
372,College,US,64.8569,-147.8028,55.29,64,98,4.83,overcast clouds
373,Tura,IN,25.5198,90.2201,83.8,73,45,5.01,scattered clouds
374,Lac Du Bonnet,CA,50.2536,-96.0612,51.57,98,100,8.93,moderate rain
375,Diu,IN,20.7141,70.9822,83.41,71,98,11.45,overcast clouds
376,Cacador,BR,-26.7753,-51.015,49.03,83,76,6.87,broken clouds
377,Shorapur,IN,16.5167,76.75,80.89,63,97,14.18,overcast clouds
378,Gizo,SB,-8.103,156.8419,84.45,62,50,2.98,scattered clouds
379,Outlook,CA,51.5001,-107.0513,55.24,56,94,10.16,overcast clouds
380,Havre-Saint-Pierre,CA,50.2334,-63.5986,48.2,63,100,17.0,overcast clouds
381,Estevan,CA,49.1334,-102.9842,52.21,95,97,5.99,overcast clouds
382,Jinchang,CN,38.4953,102.1739,71.51,43,4,8.3,clear sky
383,Bud,US,39.447,-86.1758,67.82,89,32,5.3,scattered clouds
384,Lukh,RU,57.0124,42.2584,52.83,89,79,10.29,broken clouds
385,Englehart,CA,47.8169,-79.8664,43.36,100,20,2.3,few clouds
386,Smoky Lake,CA,54.1169,-112.4686,50.72,100,67,3.44,broken clouds
387,Portland,US,45.5234,-122.6762,64.45,77,76,5.01,broken clouds
388,Teguldet,RU,57.3064,88.1667,56.1,59,48,2.13,scattered clouds
389,Luohe,CN,33.5717,114.0353,93.79,28,7,0.96,clear sky
390,Emba,KZ,48.8264,58.1442,64.65,69,89,3.85,overcast clouds
391,Adrar,MR,20.5022,-10.0711,80.37,30,0,8.34,clear sky
392,Mitsamiouli,KM,-11.3847,43.2844,70.09,78,20,4.61,few clouds
393,Tuyen Quang,VN,21.8233,105.2181,80.51,91,95,2.04,overcast clouds
394,Taunggyi,MM,20.7833,97.0333,77.13,63,67,3.02,broken clouds
395,Muriwai Beach,NZ,-36.8167,174.45,58.95,72,91,8.05,overcast clouds
396,Tuatapere,NZ,-46.1333,167.6833,52.52,61,100,5.68,overcast clouds
397,Minas Novas,BR,-17.2186,-42.5903,70.07,75,68,6.13,broken clouds
398,Karratha,AU,-20.7377,116.8463,85.03,23,31,14.25,scattered clouds
399,Banatski Karlovac,RS,45.0472,21.0161,55.85,91,100,7.74,overcast clouds
400,Port-Gentil,GA,-0.7193,8.7815,75.9,77,100,8.39,overcast clouds
401,Saint George,US,37.1041,-113.5841,76.62,45,20,4.61,few clouds
402,Gudur,IN,14.1333,79.85,92.52,44,91,11.48,overcast clouds
403,Norman Wells,CA,65.282,-126.8329,48.24,87,100,8.05,overcast clouds
404,Kankon,IN,15.0167,74.0167,82.2,80,100,8.25,overcast clouds
405,Zabolotiv,UA,48.4705,25.2857,55.2,82,100,2.91,overcast clouds
406,Komatipoort,ZA,-25.4332,31.9548,71.6,42,0,3.62,clear sky
407,Lompoc,US,34.6391,-120.4579,60.01,92,40,10.36,scattered clouds
408,Banjar,ID,-8.19,114.9675,89.17,48,18,3.89,few clouds
409,Bowen,AU,-20.0167,148.2333,78.44,72,0,9.55,clear sky
410,Paris,FR,48.8534,2.3488,50.11,86,0,8.05,clear sky
411,Kangaatsiaq,GL,68.3065,-53.4641,39.56,81,99,8.79,overcast clouds
412,Mount Isa,AU,-20.7333,139.5,91.17,15,0,10.36,clear sky
413,Alabino,RU,55.5268,37.0103,46.54,93,0,6.71,clear sky
414,Bamenda,CM,5.9527,10.1582,59.88,93,96,1.59,overcast clouds
415,Kudahuvadhoo,MV,2.6708,72.8944,81.75,65,14,3.65,few clouds
416,Lerwick,GB,60.1545,-1.1494,48.2,71,100,19.46,overcast clouds
417,Kyra,RU,49.5776,111.9753,46.04,68,90,18.16,overcast clouds
418,Mahon,ES,39.8885,4.2658,72.16,78,40,11.5,scattered clouds
419,Nabire,ID,-3.3667,135.4833,73.31,98,100,5.75,overcast clouds
420,Poronaysk,RU,49.2167,143.1167,61.61,67,100,5.7,light rain
421,Alice Springs,AU,-23.7,133.8833,74.75,23,0,8.05,clear sky
422,Sungaipenuh,ID,-2.0833,101.3833,74.91,75,57,3.31,broken clouds
423,Marawi,PH,7.9986,124.2928,86.41,47,85,3.89,overcast clouds
424,Cururupu,BR,-1.8283,-44.8683,74.53,89,67,4.63,broken clouds
425,Muzhi,RU,65.3667,64.6667,52.97,61,100,10.16,overcast clouds
426,Bad Urach,DE,48.4911,9.4001,47.19,97,46,8.21,scattered clouds
427,Antofagasta,CL,-23.65,-70.4,56.48,88,22,0.2,few clouds
428,Isabela,PH,6.7085,121.9711,89.65,63,80,5.01,broken clouds
429,Santiago,CL,-33.4569,-70.6483,53.85,80,100,4.61,overcast clouds
430,Samarai,PG,-10.6167,150.6667,83.68,74,62,12.84,broken clouds
431,Faya,SA,18.3851,42.4509,68.52,29,34,6.44,scattered clouds
432,Eureka,US,40.8021,-124.1637,54.93,88,15,3.74,few clouds
433,The Valley,AI,18.217,-63.0578,83.1,82,86,34.34,overcast clouds
434,Wajima,JP,37.4,136.9,86.68,70,75,5.75,broken clouds
435,Laguna,US,38.421,-121.4238,72.45,60,0,8.05,clear sky
436,Ganta,LR,7.3022,-8.5308,69.98,99,100,2.8,overcast clouds
437,Springbok,ZA,-29.6643,17.8865,52.32,49,31,3.78,scattered clouds
438,Chiradzulu,MW,-15.6746,35.1407,65.82,64,0,12.66,clear sky
439,Kumluca,TR,36.3703,30.2869,82.51,44,0,0.51,clear sky
440,Valdivia,CL,-39.8142,-73.2459,36.1,100,100,1.52,overcast clouds
441,Vila Velha,BR,-20.3297,-40.2925,66.15,97,100,11.5,mist
442,Kemin,KG,42.7846,75.6892,74.79,17,4,5.21,clear sky
443,Moranbah,AU,-22.0016,148.0466,85.23,42,72,9.93,light rain
444,Cubuk,TR,40.2386,33.0322,74.77,51,0,0.0,clear sky
445,Manosque,FR,43.8288,5.7869,53.56,53,35,22.1,scattered clouds
446,Gornyak,RU,50.9942,81.4661,59.27,35,0,18.66,clear sky
447,Teguise,ES,29.0605,-13.564,70.02,73,0,17.27,clear sky
448,Mitu,CO,1.1983,-70.1733,70.56,99,97,2.13,light rain
449,Seoul,KR,37.5683,126.9778,87.19,76,75,3.44,broken clouds
450,Odienne,CI,9.51,-7.5692,72.05,89,100,2.39,overcast clouds
451,Barguzin,RU,53.6167,109.6167,55.17,46,74,9.75,broken clouds
452,Sarangani,PH,5.4033,125.4636,84.4,70,100,11.5,overcast clouds
453,Parana,AR,-31.732,-60.5238,62.56,73,100,12.28,overcast clouds
454,Butembo,CD,0.15,29.2833,60.21,81,63,1.79,broken clouds
455,High Level,CA,58.5169,-117.136,62.71,51,75,8.05,broken clouds
456,Dmytrivka,UA,45.9717,28.9864,66.52,81,16,9.26,few clouds
457,Liverpool,GB,53.4106,-2.9779,48.7,78,58,0.0,broken clouds
458,Lesosibirsk,RU,58.2358,92.4828,49.24,74,88,4.81,overcast clouds
459,Quatre Cocos,MU,-20.2078,57.7625,74.08,72,15,16.31,few clouds
460,Batagay-Alyta,RU,67.8006,130.4114,45.95,32,73,17.4,broken clouds
461,Rodino,RU,52.5,80.25,58.26,34,0,13.87,clear sky
462,Verkhnevilyuysk,RU,63.4453,120.3167,46.17,48,66,10.67,broken clouds
463,Necochea,AR,-38.5473,-58.7368,56.41,75,100,15.61,overcast clouds
464,Raudeberg,NO,61.9875,5.1352,48.87,1,100,31.09,light rain
465,Mehamn,NO,71.0357,27.8492,46.35,93,100,23.02,light rain
466,Haines Junction,CA,60.7522,-137.5108,42.75,65,6,2.3,clear sky
467,Tias,ES,28.9611,-13.645,71.28,73,0,17.27,clear sky
468,Mount Pleasant,US,32.7941,-79.8626,73.0,89,0,4.61,clear sky
469,Badiraguato,MX,25.3667,-107.5167,75.54,98,41,1.05,scattered clouds
470,Dzhebariki-Khaya,RU,62.2167,135.8,49.37,50,98,10.33,overcast clouds
471,Manica,FR,49.0,-1.1667,43.59,77,6,1.83,clear sky
472,Mackenzie,CA,55.2999,-123.1698,46.62,100,100,3.44,overcast clouds
473,Havelock,US,34.8791,-76.9013,70.95,90,0,4.43,clear sky
474,Jining,CN,35.405,116.5814,85.39,46,12,3.4,few clouds
475,Alofi,NU,-19.0595,-169.9187,80.49,69,0,10.36,clear sky
476,Otjimbingwe,NA,-22.35,16.1333,68.23,37,5,6.38,clear sky
477,Usinsk,RU,65.9939,57.5281,54.14,67,100,9.75,overcast clouds
478,Sao Borja,BR,-28.6606,-56.0044,56.95,80,14,10.49,few clouds
479,Itaituba,BR,-4.2761,-55.9836,76.73,66,36,2.1,scattered clouds
480,Goderich,CA,43.7501,-81.7165,66.52,82,32,5.75,scattered clouds
481,Mo I Rana,NO,66.3128,14.1428,47.32,93,100,0.0,overcast clouds
482,Ouahigouya,BF,13.5828,-2.4216,73.83,77,16,8.05,few clouds
483,Asifabad,IN,19.3667,79.2833,83.77,71,100,9.26,overcast clouds
484,Xining,CN,36.6167,101.7667,64.98,54,75,2.15,broken clouds
485,Ajijic,MX,20.3,-103.2833,64.94,85,97,4.52,overcast clouds
486,Medianeira,BR,-25.2953,-54.0939,56.07,76,16,6.31,few clouds
487,Zalegoshch,RU,52.9008,36.8869,49.93,85,7,8.55,clear sky
488,Mahibadhoo,MV,3.7833,72.9667,81.64,69,3,5.08,clear sky
489,Sierra Vista,US,31.5545,-110.3037,69.62,34,0,1.99,clear sky
490,Yatou,CN,37.15,122.3833,75.33,69,2,8.37,clear sky
491,Maryborough,AU,-25.5333,152.7,75.11,71,70,9.24,broken clouds
492,Bahia Blanca,AR,-38.7196,-62.2724,65.62,42,100,16.51,overcast clouds
493,Waterloo,CA,43.4668,-80.5164,59.79,97,75,1.99,fog
494,Guiglo,CI,6.5456,-7.4966,71.33,100,100,3.18,heavy intensity rain
495,La Plata,AR,-34.9215,-57.9545,63.03,76,100,13.44,overcast clouds
496,Ler,SS,8.3018,30.1418,71.62,94,94,0.49,overcast clouds
497,Riyadh,SA,24.6877,46.7219,82.54,17,0,3.02,clear sky
498,Pemberton,CA,50.3164,-122.8027,49.73,93,53,3.11,broken clouds
499,Araceli,PH,10.5529,119.9913,83.71,71,100,12.68,overcast clouds
500,Semporna,MY,4.4818,118.6112,86.29,66,95,5.35,overcast clouds
501,Huichapan,MX,20.3833,-99.65,57.29,90,81,5.23,broken clouds
502,Bulgan,MN,48.8125,103.5347,47.73,59,23,1.95,few clouds
503,Ensley,US,30.5188,-87.2728,79.59,75,52,1.99,broken clouds
504,Villa Carlos Paz,AR,-31.4241,-64.4978,62.38,10,100,4.0,overcast clouds
505,Katsuura,JP,35.1333,140.3,82.18,69,100,10.71,overcast clouds
506,Mercedes,AR,-34.6515,-59.4307,63.64,83,100,12.26,overcast clouds
507,Nago,JP,26.5881,127.9761,85.05,92,100,25.55,light rain
508,Kawalu,ID,-7.3817,108.2082,81.79,69,84,6.04,broken clouds
509,Miyang,CN,24.4042,103.4428,75.96,70,82,5.14,broken clouds
510,Yambio,SS,4.5721,28.3955,67.98,98,62,2.26,broken clouds
511,Blagodatnoye,RU,45.3997,42.5867,74.32,49,63,12.12,broken clouds
512,Tongzi,CN,28.7829,105.0877,76.55,81,100,5.1,overcast clouds
513,Makakilo City,US,21.3469,-158.0858,78.69,90,53,5.06,light rain
514,Ulaangom,MN,49.9811,92.0667,49.3,56,99,1.1,overcast clouds
515,Swan Hill,AU,-35.3378,143.5544,56.97,77,84,20.56,broken clouds
516,Marsa Matruh,EG,31.3525,27.2453,72.34,64,0,3.96,clear sky
517,Hualmay,PE,-11.0964,-77.6139,61.38,86,40,8.79,scattered clouds
518,Gondanglegi,ID,-7.7479,112.0132,93.29,39,16,9.33,few clouds
519,Kimbe,PG,-5.5502,150.1429,87.76,62,94,5.79,light rain
520,Vila Franca Do Campo,PT,37.7167,-25.4333,70.21,92,79,5.73,broken clouds
521,Soyo,AO,-6.1349,12.3689,72.93,90,82,5.82,broken clouds
522,Dicabisagan,PH,17.0818,122.4157,84.7,75,100,4.14,overcast clouds
523,Acapulco,MX,16.8634,-99.8901,78.62,89,100,8.05,overcast clouds
524,Hermosillo,MX,29.0667,-110.9667,86.85,57,0,5.01,clear sky
525,Mahina,PF,-17.5065,-149.489,78.57,57,20,4.61,few clouds
526,Sioux Lookout,CA,50.1001,-91.917,50.07,100,100,5.75,mist
527,Guerrero Negro,MX,27.9769,-114.0611,69.17,80,0,15.35,clear sky
528,Pisco,PE,-13.7,-76.2167,58.3,90,14,1.99,few clouds
529,Queenstown,ZA,-31.8976,26.8753,64.15,36,60,3.8,broken clouds
530,Codrington,AU,-38.2667,141.9667,52.72,87,97,26.33,overcast clouds
531,Vodnyy,RU,63.5046,53.4095,50.32,74,50,7.2,scattered clouds
532,Tukrah,LY,32.5341,20.5791,74.34,49,0,2.42,clear sky
533,Along,IN,28.1667,94.7667,78.82,90,96,1.07,overcast clouds
534,Hamilton,US,39.1834,-84.5333,68.77,88,0,0.0,mist
535,Vanderhoof,CA,54.0166,-124.0198,43.86,63,84,3.51,broken clouds
536,Troitsko-Pechorsk,RU,62.7084,56.1964,53.01,67,96,7.38,overcast clouds
537,Saint Anthony,US,45.0205,-93.218,68.94,91,10,1.99,clear sky
538,Kontagora,NG,10.3999,5.4695,70.21,98,52,3.49,broken clouds
539,Kenora,CA,49.8167,-94.4337,54.57,100,100,13.8,mist
540,Najran,SA,17.4924,44.1277,79.45,24,72,6.64,broken clouds
541,Hovd,MN,48.0056,91.6419,49.53,50,83,8.77,broken clouds
542,Priamurskiy,RU,48.5217,134.9028,61.21,83,100,11.23,light rain
543,Itoman,JP,26.1247,127.6694,84.97,87,75,31.07,broken clouds
544,San Jose,US,37.3394,-121.895,62.4,72,75,5.75,broken clouds
545,Paka,MY,4.6374,103.4368,88.48,59,91,8.23,overcast clouds
546,Boali,CF,4.8005,18.1275,69.4,97,97,0.83,moderate rain
547,Kemlya,RU,54.6963,45.2424,56.7,95,100,9.8,overcast clouds
548,Beira,MZ,-19.8436,34.8389,69.13,83,2,5.86,clear sky
549,Darab,IR,28.7519,54.5444,89.35,10,0,1.52,clear sky
550,Kishtwar,IN,33.3167,75.7667,73.27,62,0,4.36,light rain
551,Balkanabat,TM,39.5108,54.3671,81.34,25,3,8.61,clear sky
552,Nanakuli,US,21.3906,-158.1547,80.11,74,56,3.49,light rain
553,Samaro,PK,25.2815,69.3965,85.89,59,93,18.81,overcast clouds
554,Lagoa,PT,39.05,-27.9833,72.45,82,39,12.21,scattered clouds
555,Fort Nelson,CA,58.8053,-122.7002,53.22,43,100,3.53,overcast clouds
556,San Policarpo,PH,12.1791,125.5072,88.14,64,95,7.58,overcast clouds
557,Launceston,AU,-41.45,147.1667,50.81,89,75,17.27,shower rain
558,Merauke,ID,-8.4667,140.3333,82.49,75,99,11.92,overcast clouds
559,Cardston,CA,49.2,-113.3019,53.13,51,2,8.55,clear sky
560,Adre,TD,13.4667,22.2,72.14,86,100,8.86,overcast clouds
561,Kismayo,SO,-0.3582,42.5454,77.88,72,26,15.14,scattered clouds
562,Ahuimanu,US,21.4447,-157.8378,79.86,86,100,0.0,overcast clouds
563,Bandarbeyla,SO,9.4942,50.8122,81.48,65,57,24.96,broken clouds
564,Arroio Grande,BR,-32.2375,-53.0869,53.8,90,2,9.91,clear sky
565,Yumaguzino,RU,52.9041,56.3933,57.33,92,99,8.79,overcast clouds
566,Tsiroanomandidy,MG,-18.7667,46.0333,67.39,47,0,8.37,clear sky
567,Teseney,ER,15.11,36.6575,77.92,72,8,9.1,clear sky
568,Yar-Sale,RU,66.8333,70.8333,53.29,63,100,12.28,overcast clouds
569,Skjervoy,NO,70.0311,20.9714,44.6,82,100,11.23,overcast clouds
570,Lufilufi,WS,-13.8745,-171.5986,80.2,81,34,19.89,scattered clouds
571,Kota Tinggi,MY,1.7381,103.8999,84.18,61,98,6.91,overcast clouds
572,Kijang,KR,35.2442,129.2139,78.6,82,77,9.28,light rain
573,Kurya,RU,51.6003,82.2888,57.54,40,0,18.48,clear sky
574,Santa Rosa,PH,14.3122,121.1114,90.01,60,71,15.17,broken clouds
575,Kenai,US,60.5544,-151.2583,51.1,94,100,10.11,overcast clouds
576,Tarakan,ID,3.3,117.6333,87.3,66,40,4.61,scattered clouds
577,Marsh Harbour,BS,26.5412,-77.0636,82.96,74,72,11.56,broken clouds
578,Boa Vista,BR,2.8197,-60.6733,78.78,73,20,3.44,few clouds
579,Marovoay,MG,-16.1,46.6333,75.47,45,0,9.28,clear sky
580,Sao Gabriel Da Cachoeira,BR,-0.1303,-67.0892,72.09,97,100,1.7,overcast clouds
581,Fukue,JP,32.6881,128.8419,77.63,88,100,16.96,light rain
582,Thinadhoo,MV,0.5333,72.9333,81.84,67,79,4.16,broken clouds
583,Kamennomostskiy,RU,44.2983,40.1856,68.41,61,70,3.94,broken clouds
584,Shimoda,JP,34.6667,138.95,82.76,83,100,12.28,overcast clouds
585,Tapejara,BR,-28.0681,-52.0139,47.25,97,0,6.15,clear sky
586,Parkes,AU,-33.1333,148.1833,62.35,40,71,10.69,broken clouds
587,Salinopolis,BR,-0.6136,-47.3561,78.57,84,78,11.1,broken clouds
588,Touros,BR,-5.1989,-35.4608,72.12,84,15,10.89,few clouds
589,Anloga,GH,5.7947,0.8973,76.12,87,84,11.59,broken clouds
590,Fort Morgan,US,40.2503,-103.8,62.02,59,40,6.91,scattered clouds
591,Cap Malheureux,MU,-19.9842,57.6142,74.46,66,0,11.99,clear sky
592,Black Diamond,US,47.3087,-122.0032,56.05,81,79,1.01,broken clouds
593,Mirpur Sakro,PK,24.5474,67.6277,83.79,66,100,16.98,overcast clouds
594,Hobyo,SO,5.3505,48.5268,78.84,76,68,20.45,broken clouds
595,Eravur,LK,7.7733,81.6095,86.32,61,39,4.03,scattered clouds
596,Zheleznodorozhnyy,RU,55.7503,38.0042,49.55,81,2,8.21,clear sky
597,Cuenca,EC,-2.8833,-78.9833,53.73,100,100,4.61,overcast clouds
598,Sistranda,NO,63.7256,8.834,51.76,81,100,20.96,light rain
599,Yinchuan,CN,38.4681,106.2731,79.56,32,30,4.52,scattered clouds
600,Vaitape,PF,-16.5167,-151.75,77.74,74,63,22.19,broken clouds
601,Vilyuysk,RU,63.7553,121.6247,46.96,45,24,11.72,few clouds
602,Trinidad,BO,-14.8333,-64.9,70.83,62,57,4.0,broken clouds
603,Chengde,CN,40.9725,117.9361,89.67,28,42,6.42,scattered clouds
604,Thyolo,MW,-16.0678,35.1405,66.56,61,0,5.12,clear sky
605,Sangar,RU,63.9242,127.4739,41.49,95,100,3.02,overcast clouds
606,Alexandria,EG,31.2156,29.9553,76.01,69,1,1.9,clear sky
607,Mackay,AU,-21.15,149.2,81.68,81,18,14.2,few clouds
608,Santa Cruz De La Palma,ES,28.6835,-17.7642,75.34,73,0,9.22,clear sky
609,Mzimba,MW,-11.9,33.6,66.02,53,17,11.23,few clouds
610,Askarovo,RU,53.3372,58.5089,49.15,93,100,4.47,mist
611,Sal Rei,CV,16.1833,-22.9167,78.58,76,95,15.03,overcast clouds
612,Wenling,CN,28.3669,121.36,84.52,60,0,7.52,clear sky
613,Gallup,US,35.5281,-108.7426,61.02,39,2,13.02,clear sky
614,Tautira,PF,-17.7333,-149.15,77.11,67,17,22.77,few clouds
615,Andenes,NO,69.3143,16.1194,49.98,81,40,16.11,scattered clouds
616,Razole,IN,16.4833,81.8333,88.75,60,97,8.84,overcast clouds
617,Shahr-E Kord,IR,32.3256,50.8644,70.12,24,0,3.83,clear sky
618,Moindou,NC,-21.6924,165.677,75.47,58,8,10.29,clear sky
619,Kloulklubed,PW,7.0419,134.2556,84.63,65,60,7.31,broken clouds
620,Gamboma,CG,-1.8764,15.8644,71.47,93,97,4.38,light rain
621,Coahuayana,MX,18.7333,-103.6833,76.93,94,99,3.98,overcast clouds
622,San Luis,AR,-33.295,-66.3356,64.4,26,100,14.29,overcast clouds
623,Teruel,ES,40.6667,-0.6667,50.31,75,5,3.36,clear sky
624,Tikrit,IQ,34.6071,43.6782,86.04,19,0,11.36,clear sky
625,Santa Vitoria Do Palmar,BR,-33.5189,-53.3681,55.42,83,3,8.03,clear sky
626,Satellite Beach,US,28.1761,-80.5901,77.09,92,100,6.26,overcast clouds
627,Port Jervis,US,41.3751,-74.6927,62.89,90,99,2.57,overcast clouds
628,Liseleje,DK,56.0053,11.9483,56.17,81,39,5.01,scattered clouds
629,Yaan,NG,7.3833,8.5667,70.93,97,100,3.8,light rain
630,Mendi,PG,-6.1761,143.6513,64.47,84,96,3.09,overcast clouds
631,Purpe,RU,64.4803,76.6897,55.71,60,100,14.47,overcast clouds
632,Amahai,ID,-3.3333,128.9167,76.3,91,100,3.94,moderate rain
633,Santa Maria,BR,-29.6842,-53.8069,52.9,93,3,8.19,clear sky
634,Koslan,RU,63.4564,48.8989,50.43,86,100,7.85,overcast clouds
635,Kaffrine,SN,14.1059,-15.5508,77.58,94,47,7.49,light rain
636,Namikupa,TZ,-10.8333,39.6,70.2,78,51,1.86,broken clouds
637,Slave Lake,CA,55.2834,-114.769,51.93,92,97,2.17,overcast clouds
638,Lubango,AO,-14.9172,13.4925,59.52,46,51,3.29,broken clouds
639,Fazilka,IN,30.4,74.0333,93.56,42,0,7.29,clear sky
640,Talgar,KZ,43.3027,77.2395,62.76,27,10,4.47,clear sky
641,Bon Accord,CA,53.8335,-113.4187,57.99,65,39,5.44,scattered clouds
642,Zhigansk,RU,66.7697,123.3711,39.13,66,62,16.24,broken clouds
643,Rawson,AR,-43.3002,-65.1023,44.92,80,100,12.3,overcast clouds
644,Hambantota,LK,6.1241,81.1185,88.14,66,20,13.8,few clouds
645,Darnah,LY,32.767,22.6367,72.73,63,0,2.01,clear sky
646,Puerto Colombia,CO,10.9878,-74.9547,77.09,76,100,4.09,overcast clouds
647,Kanniyakumari,IN,8.0833,77.5667,83.79,72,21,17.11,few clouds
648,Cap-Aux-Meules,CA,47.3821,-61.8597,54.99,76,100,32.77,overcast clouds
649,Ha Tinh,VN,18.3333,105.9,89.51,64,91,5.55,overcast clouds
650,Batagay,RU,67.6333,134.6333,47.07,56,100,16.96,overcast clouds
651,Lodja,CD,-3.4833,23.4333,70.27,89,100,1.41,overcast clouds
652,Kaeo,NZ,-35.1,173.7833,58.73,62,66,5.32,broken clouds
653,Severnyy,RU,50.677,36.5532,53.64,87,0,4.47,clear sky
654,Le Moule,GP,16.3332,-61.3473,77.04,80,100,24.72,moderate rain
655,Ojinaga,MX,29.5667,-104.4167,81.55,57,0,11.5,clear sky
656,Nigran,ES,42.1415,-8.8066,68.65,81,0,7.0,clear sky
657,Chililabombwe,ZM,-12.3648,27.8229,62.35,50,22,5.64,few clouds
658,Caborca,MX,30.5838,-111.101,78.3,36,0,1.81,clear sky
659,Finschhafen,PG,-6.6024,147.8681,84.06,71,84,5.41,broken clouds
660,Caraballeda,VE,10.6112,-66.8522,75.27,94,40,0.0,scattered clouds
661,Chlorakas,CY,34.8042,32.4083,72.48,43,0,8.05,clear sky
662,Chimbote,PE,-9.0853,-78.5783,62.19,87,78,7.65,broken clouds
663,Tarko-Sale,RU,64.9225,77.785,53.74,68,100,11.72,overcast clouds
664,Bor,RU,56.3567,44.0669,55.33,91,100,8.9,overcast clouds
665,Sheltozero,RU,61.3667,35.3667,46.42,92,92,6.4,overcast clouds
666,Sitka,US,57.0531,-135.33,51.69,76,0,4.61,clear sky
667,Sale,MA,34.0389,-6.8166,66.74,100,1,0.0,clear sky
668,Mikkeli,FI,61.6886,27.2723,50.11,93,100,5.75,overcast clouds
669,Oktyabrskoye,RU,43.0645,44.7417,69.94,60,28,4.47,scattered clouds
670,Slobozia,MD,46.7281,29.7078,66.27,87,34,8.01,scattered clouds
671,Gusino,RU,54.7244,31.368,46.45,78,7,11.65,clear sky
672,Sharanga,RU,57.1775,46.5396,50.92,94,100,12.53,overcast clouds
673,Nagaoka,JP,37.45,138.85,90.64,49,100,1.9,light rain
674,Batticaloa,LK,7.7102,81.6924,84.87,64,35,4.9,scattered clouds
675,Korla,CN,41.7597,86.1469,78.12,16,8,4.79,clear sky
676,Barreirinhas,BR,-2.7469,-42.8264,77.94,80,99,10.25,overcast clouds
677,Manama,BH,26.2154,50.5832,94.98,43,0,20.71,clear sky
678,Hervey Bay,AU,-25.2986,152.8535,75.02,81,89,10.0,overcast clouds
679,Sinfra,CI,6.6167,-5.9167,70.93,99,100,3.15,overcast clouds
680,Borger,NL,52.9233,6.7931,50.81,88,68,14.14,broken clouds
